{"cameraMode":{"drawMode":0,"name":"Shaded","section":"Shading Mode"},"sceneLighting":true,"audioPlay":false,"sceneViewState":{"m_AlwaysRefresh":false,"showFog":true,"showSkybox":true,"showFlares":true,"showImageEffects":true,"showParticleSystems":true,"showVisualEffectGraphs":true,"m_FxEnabled":true},"in2DMode":false,"pivot":{"x":-2.692270278930664,"y":5.441194534301758,"z":-14.179034233093262},"rotation":{"x":-0.004311100114136934,"y":-0.8583013415336609,"z":0.5131030082702637,"w":-0.007201985456049442},"size":14.510504722595215,"orthographic":false}