{"cameraMode":{"drawMode":0,"name":"Shaded","section":"Shading Mode"},"sceneLighting":true,"audioPlay":false,"sceneViewState":{"m_AlwaysRefresh":false,"showFog":true,"showSkybox":true,"showFlares":true,"showImageEffects":true,"showParticleSystems":true,"showVisualEffectGraphs":true,"m_FxEnabled":true},"in2DMode":false,"pivot":{"x":1.5388504266738892,"y":-16.12592124938965,"z":13.701289176940918},"rotation":{"x":-0.42847198247909548,"y":-0.006236400455236435,"z":0.0029574118088930847,"w":-0.903533935546875},"size":15.493819236755371,"orthographic":false}