{"cameraMode":{"drawMode":0,"name":"Shaded","section":"Shading Mode"},"sceneLighting":true,"audioPlay":false,"sceneViewState":{"m_AlwaysRefresh":false,"showFog":true,"showSkybox":true,"showFlares":true,"showImageEffects":true,"showParticleSystems":true,"showVisualEffectGraphs":true,"m_FxEnabled":true},"in2DMode":false,"pivot":{"x":488.00799560546877,"y":85.939697265625,"z":-6.2175140380859379},"rotation":{"x":0.02399766817688942,"y":0.0029993026982992889,"z":-0.0000722116237739101,"w":0.9997092485427856},"size":315.1336669921875,"orthographic":false}