{"cameraMode":{"drawMode":0,"name":"Shaded","section":"Shading Mode"},"sceneLighting":true,"audioPlay":false,"sceneViewState":{"m_AlwaysRefresh":false,"showFog":true,"showSkybox":true,"showFlares":true,"showImageEffects":true,"showParticleSystems":true,"showVisualEffectGraphs":true,"m_FxEnabled":true},"in2DMode":false,"pivot":{"x":479.4073181152344,"y":238.99888610839845,"z":306.39990234375},"rotation":{"x":0.010189863853156567,"y":-0.0009020564029924572,"z":-0.000009238842721970286,"w":-0.9999522566795349},"size":563.2819213867188,"orthographic":false}